id,spoiler
0,"balloons"
1,"Not only in teaching but selfless people suffer most in workplaces and find themselves drowning in admin and unable to pursue their own goals as a result"
2,"Meditating inside a beautiful stock-photo room filled with plants"
3,"Braconid"
4,"grating"
5,"John Williams music"
6,"anything it takes to get your rest Tossing and turning on your bed 1. Take a long warm shower with sweet-smelling essential oils checking the fridge for late night munchies and scrolling through your social media recite your prayers and zone yourself out of the world"
7,"But when Flynn was only 7 months old a stranger accidentally put Hailey in harm's way by stopping to pet Flynn 2014 and the incident illustrates exactly why working dogs should never be pet or played with while they're working"
8,"Lord Ivar Mountbatten"
9,"obsessed with it that they isolate themselves"
10,"Who is watching your kids?"
11," So what separates strong social media interactions from disastrous ones? According to Crowley the key is authenticity"
12,"Celia Cruz"
13,"Many expected the appointment of Jose Mourinho to pump the brakes on any talk of David De Gea heading to Real Madrid this summer"
14,"Who will read it? Fans of shocking provocative fiction starring intensely disagreeable characters 2015 and readers who don2019t mind being grossed out"
15,"$117 billion"
16,"She wanted to know why the Chihiro's parents turned into pigs what was in their food and how she managed to pass her final exam"
17,"The exhibition posits the thought that shopping malls have become a kind of replacement for religious structures in our contemporary consumer society she says"
18,"Get an education At least this one will be free a savings account a pillowcase old sneakers Here are five crucial moves Millennials can make to overcome their investing anxieties investing the money you save"
19,"New York"
20,"Michael Sam"
21,"Drunk or Danish? Swedish police eventually work it out Police in western Sweden initially thought a man whose car was stuck in the snow was Danish but after a while they realized he was slurring his words because he was drunk"
22,"The starting price being extremely low you only need a few credits to get amazing discounts which can go up to 90% of the retail value of the products! Swoggi is so confident that you will get these discounts that they provide voucher codes for free credits all over the Internet"
23,"yellow"
24,"Men who paint one fingernail are helping to raise awareness about a very important issue"
25,"Comic-Con"
26,"Empty"
27,"Although scientists can't say with certainty whether a specific storm was caused by climate change rising sea levels make storm surges from hurricanes and typhoons potentially more deadly in coastal areas contributing to increased destruction"
28,"Trump ran up huge margins with white Florida voters -- who comprise 64 percent of the state2019s voting rolls -- and have always been the most reliable voters in terms of turnout"
29,"I think we are moving towards a world with less job security says Matthew Krisiloff who is managing Y Combinator2019s UBI study"
30,"U.S"
31,"Watch the hilarious video below to see one unamused puppy"
32,"they were much lower than they are now"
33,"Unfortunately the NES Classic Edition is not available for pre-order just yet"
34,"Students can't shop around and find the most affordable option"
35,"belts out a few of his favorite Broadway tunes"
36,"Laziness might not be a terrible trait after all"
37,"Austin"
38,"Has he lived so long because he got the disease when he was young and had the juvenile-onset type? Juvenile-onset is diagnosed in the teenage years and I don't know enough about his course to say"
39,"blue"
40,"blue"
41,"Forget whether or not there is water on Mars - if this photo is to be believed there is fresh beer on the red planet's surface"
42,"Parenthood"
43,"You may also be wondering why those subway vents on every block smell so much more putrid on a steamy summer day"
44,"wood plank"
45,"Jason Aldean"
46,"Harry Potter and the Philosopher's Stone illustrations 5 show all Harry Potter and the Philosopher's Stone illustrations 1/5 Harry Potter and the Philosopher's Stone Jim Kay's illustration of Draco Malfoy in the new Harry Potter and the Philosopher's Stone edition Jim Kay 2/5 Harry Potter and the Philosopher's Stone Jim Kay's illustration of Rubeus Hagrid in the new Harry Potter and the Philosopher's Stone edition Jim Kay 3/5 Harry Potter and the Philosopher's Stone Jim Kay's illustration of Hermione Granger in the new Harry Potter and the Philosopher's Stone edition Jim Kay 4/5 Harry Potter and the Philosopher's Stone Jim Kay's illustration of Ron Weasley in the new Harry Potter and the Philosopher's Stone edition Jim Kay 5/5 Harry Potter and the Philosopher's Stone Deluxe edition will cost 00a3150 and a more affordable 00a330 version will be published alongside it Bloomsbury Harry pocketed it was the exact phrase in the book"
47,"1448.7 days"
48,"So you2019re not listening to Drake Eminem or anyone like that before kickoff? Nah I2019m chillin2019 out"
49,"I2019m not going to buy just the one extra box of tissues because (let2019s all be honest here) I can afford more than that"
50,"I had a real concern with how he would be viewed by fans of the show and what it might mean for him down the line Druley said"
51,"Keeping DLC mostly free has Keeping DLC mostly free has worked well for big developers like CD Projekt with The Witcher 3  who can garner reams of publicity from players used to being nickled-and-dimed to death by other big-budget releases"
52,"(To support his claim he points in part to the show's lack of an audience in Russia"
53,"high blood cholesterol Switching to a healthier spread makes sense for those with high cholesterol Do you know your blood cholesterol level Over a third of Australian adults have high cholesterol If you don't"
54,"At least in Pennsylvania"
55,"Some people suggest that this is due to the whales thinking that the plastic items were food like squid since that is a whales go to staple"
56,"widowed or divorced men"
57,"Error"
58,"Kili the Senegal parrot has somehow managed to become a master at playing dead"
59,"Miley Cyrus"
60,"London teacher this weekend had pupils reacting quite oppositely"
61,"Poke0301mon Go Cheat: How to Get Unlimited Lucky Eggs & Incense Image: www"
62,"men"
63,"I don2019t have a closet"
64,"Empty"
65,"post pictures of your boarding pass on social media"
66,"What2019s come to be known as the Delaware loophole 2014 the unassuming building at 1209 North Orange Street 2014 has become as the Guardian described Reportedly dozens of Fortune 500 companies 2014 Coca-Cola Walmart American Airlines and Apple to name a few 2014 use Delaware2019s strict corporate secrecy laws and legal tax loopholes by registering the North Orange Street address for official business"
67,"Kevin Hart"
68,"$79 last March"
69,"$12500 per month"
70,"New Home Button New Limitations"
71,"Anita"
72,"Doors open based on who you know my father and a professor humility churning out work product that no one ever saw Workplace gossip"
73,"Vatican Museums 1. Museum of Modern Art Chapel Prado Museum Picasso and Rembrandt"
74,"Who can educate us about his plan? A dietitian specializing in sports nutrition can provide advice about whether someone like your son can safely switch to a vegan plant-based diet and the best way to do that"
75,"Marching Powder"
76,"surfaces coated in methane ice"
77,"Tokyo London next location Chicago China"
78,"Snapchat"
79,"Mexico City"
80,"MS Dhoni"
81,"When she went to her doctor to try to find a reason she was gaining weight so rapidly they told her that it was just her metabolism slowing down and if she wanted it to come off she should eat less calories"
82,"Don Draper"
83,"The revelation came as part of Secrets Week on The Talk when one co-host reveals a secret everyday"
84,"You simply use the product before bed"
85,"But is the hype legit? According to Lawson there are tons of benefits to metcon workouts including improved fat loss increased calorie burn compared to steady-state workouts muscular strength gains and improved cardiovascular function"
86,"Katy Perry"
87,"The Netherlands"
88,"Mzznaki Tetteh is a nurse from Accra Ghana"
89,"I absolutely rejected it."
90,"free doormat photo"
91,"there isn't anything we're not dousing it on Mustard dogs 5. I CAN NEVER ESCAPE IT IT DOESN'T BELONG ON A DAMN HOT DOG"
92,"Kat Cole"
93,"Files were piled six feet high at his home and they even included receipts for pencils he purchased in the 1950s"
94,"Photo: Peter Duke (left); Getty Images (right) President Obama2019s Kenyan half-brother wants to make America great again 2014 so he2019s voting for Donald Trump"
95,"Peter Pilotto"
96,"With the adoption of modern lifestyles men too are becoming infertile these days"
97,"Jennifer Lawrence is not known for keeping quiet on issues that she's passionate about so it only stands to reason that she would have an especially vocal opinion on the presumptive Republican presidential nominee Donald Trump"
98,"It is an expensive bet on a state that has almost always voted red"
99,"He is utterly indifferent to its existence"
100,"Asians snow mobile safaris and winter fishing free independent travelers 1. Adventurous Christmas: Chile five"
101,"latest installments of Gears of War and Battlefield newest hardware and software   "
102,"A new survey says that not taking into account sleeping time Thai people spend the majority of their waking hours being completely sedentary"
103,"A new update for the A new update for the Xbox One version of Terraria has caused a serious issue that makes the game's online multiplayer unplayable"
104,"raw apple and raw lettuce"
105,"Hi wife went and grabbed John an ice pack to help reduce the swelling and John sat down to try and recover from the extremely painful stings that were attacking his body"
106,"pasta"
107,"The pungent smell of taurine acid and a million different chemicals is enough to have me running for the hills"
108,"I was missing out on200b family vacations and life's precious events"
109,"Authorities are yet to begin an investigation in the cause of the fire"
110,"Shoving a square peg of charity into a round hole of need"
111,"The logic of the drugs war only leads one way: the police get smarter so the criminals get nastier; things can only ever go from bad to worse from savagery to savagery says Woods"
112,") It looks like he2019s trying to cosplay as an Angry Bird"
113,"the title page"
114,"Shamus Beaglehole"
115,"A new high-tech controversial law enforcement procedure has some people worried it threatens the privacy of our DNA CBS News correspondent Anne Marie Green writes about how she came across this story and the Angie Dodge murder investigation which she reported for 48 Hours in The DNA of a Killer"
116,"Wolverampton"
117,"Mitch Fritz"
118,"It2019s the preeminent blockbuster blueprint"
119,"Ruby Tuesday"
120,"The world economy still feels shaky especially after the Brexit vote which sent bond yields even lower"
121,"29-cent towel"
122,"J. Crew"
123,"One former union boss has a bold idea on how to ensure economic stability in the U"
124,"But regardless of the year they are released almost every Disney film has one thing in common 2013 the main character almost never has a mother"
125,"Andrew Kaczynski/BuzzFeed News ID: 9717250 Donald Trump made an appearance in an explicit 2000 Playboy video"
126,"But anyway - so why is there a small pocket in the front of the jeans and what is it for? According to a question and answer on Quora the extra pocket was for a watch"
127,"Smooth pink fleshy and unbearably smelly this chunky conundrum simply couldn2019t be identified 2013 at least at first"
128,"Destiny"
129,"Speaking after Microsoft2019s Build 2016 keynote address Xbox head Phil Spencer told Gamespot he doesn2019t believe in the piece by piece upgrading of systems and you won2019t be seeing that with the Xbox One"
130,"The warehouse retailer2019s 16-year partnership with has expired and as of June 20 members who had Costco AmEx cards should switch over to the new Costco Visa Anywhere card"
131,"online gaming"
132,"It is his trademark look Howard says as he walks the streets of Hong Kong capturing the attention of confused onlookers"
133,"fewer than half of all participants correctly identified the logo"
134,"Ammon Bundy"
135,"This photo was taken about 20 minutes after she was discovered with her hands already exhibiting symptoms of frostbite"
136,"So what can we do to change that? Well first of all it seems like you could go ahead and sign the petition"
137,"snowshoer"
138,"used condoms being discarded under beds women flashing the porter instead of giving a tip to get under their skin drunk  and ."
139,"To avoid the tiffs SRK has blocked all the fans of other stars including Salman Khan"
140,"Jose0301 Jose0301"
141,"billions"
142,"Here is the year that was in good news bad the ugly and the end of Brangelina there was still some good 2016 they ain't gonna win no more"
143,"So what will we look like 100000 years from now assuming we still exist that far in the future? Even if we ignore new technologies moving off the earth and various selection pressures evolution still holds surprises just by chance mutation"
144,"24-week pregnant woman"
145,"That gap might be narrow but it has still led some (including a senior elections analyst at RCP) to conclude it2019s probably time to panic"
146,"In baleen or filter-feeding whales earwax forms a solid plug that may be tens of centimetres long and remains intact even after its death"
147,"As is tradition people pour water over the lingam with vessels made from copper of various sizes"
148,"she had a house close-by"
149,"June 17"
150," Yes Daniel Radcliffe is no longer Harry Potter -- as a recent New York Times Magazine profile deftly illustrated -- but what's interesting about Radcliffe (great even) is that he's not anti-Harry Potter"
151,"The Rock"
152,"Jackson Vroman"
153,"seven"
154,"Researchers from the Massachusetts Institute of Technology (MIT) have developed a prototype imaging system that2019s able to read pages of a book without opening it"
155,"Empty"
156,"nuts contain melatonin as well as essential minerals like magnesium and zinc melatonin magnesium and zinc almonds walnuts pistachios and cashews eating foods with a high glycemic index Nuts Nuts"
157,"Penn Jillette says several years ago he was approaching his 60th birthday while packing 330 lbs and high blood pressure"
158,"top beauty gurus  in the business applying your foundation blusher and concealer the   "
159,"Taran Killam and Jay Pharoah"
160,"Idaho"
161,"The term literary fiction seems arbitrary but Kidd and Castano explain that literary fiction merely denotes the level of complexity in stories and their characters (at least that2019s what it means in the context of their study)"
162,"CBS 58 Though it2019s difficult to watch Henry says the video forces her to finally admit that she2019s an addict"
163,"The tweet which I2019ll paraphrase said that people who listen to rappers like Kodak Black Migos Young Thug Future Fetty Wap and Lil Yachty are people who subsequently have low IQs"
164,"77"
165,"It does that when we sleep"
166,"If the IOC does ban Russia that2019s enough medals to throw any Olympic predictions seriously out of whack"
167,"Nicole Hillman was highly amused by her piece of pork (Picture: Caters) A hungry mum-of-one got a shock when the pork loin she defrosted looked just like a penis"
168,"Don't touch her bump Zita West Invading people's personal space don't instantly go to congratulate them on social media Do tell her she's going to be just fine"
169,"affordable childcare"
170,"shockingly large amount"
171,"Laws that maintain the legal drinking age at 21 save lives on the road and protect young people from other hazards of drinking according to a new review of studies"
172,"Oregon"
173,"who knew"
174,"ambassadorial capacity"
175,"Dumb and Dumber To"
176,"While it2019s heartbreaking to realize what this mother must be going through she somehow had the clarity of mind to write a thoughtful post about never taking things for granted and helping spread awareness of children2019s cancer"
177,"Empty"
178,"squash"
179,"sitting on a couch reading newspaper and sipping tea"
180,"strawberry rhubarb"
181,"paper bag"
182,"And instead of boiling them we should be steaming stir-frying or even microwaving Brussels to get that perfectly crunchy consistency"
183,"moisturizer"
184,"Jimmy Smits"
185,"There2019s a clear winner here and unless Linux rectifies its performance disparity lack of natively supported control options and impoverished game library the OS to beat for PC gaming will remain Windows 10"
186,"It2019s a playbook we never signed up for and it2019s only a game if both teams actually know they2019re playing"
187," Fair enough Justin you2019re still a bag of dick tips though"
188,"this game still hasn2019t made it to market off The Last Guardian we2019ve been waiting on for a very long time fallen on somewhat hard times"
189,"The gentleman in question thought he'd mimic a guardsman's walk and at one point reaches out to touch him on the shoulder"
190,"played outside with her friends"
191,"Laura Bush"
192,"e012 e01e e022 Michael Brain has been banned from going on dating sites (Picture: SWNS) A man dubbed the 2018cash card Casanova2019 has been banned from dating websites for life after conning vulnerable women out of more than 00a340000"
193,"Adele"
194,"Undeterred by the handsy fan JT managed to swat away the woman -- while still keeping rhythm"
195,"But is the extra pinch to the pocket actually worth it? Last week a Department of Agriculture report revealed just how much it really costs to shop organic"
196,"Colorado"
197,"Claims which count the number of people who applied for unemployment insurance for the first time since the past week fell to 234000"
198,"It simply couldn't make enough toys to satiate demand in North America and needed a break while it boosted capacity at its factories and increased its workforce by nearly a quarter"
199," Franchise veterans Kathleen Kennedy and Frank Marshall will produce Indiana Jones 5 which will see both Harrison Ford and Steven Spielberg return to the franchise"
200,"bio-metric details"
201,"the new season will have a heavy James Cameron influence It will be nine episodes Season two will open on another town eight so far"
202,"about 10 years ago"
203,"load up on lotto tickets"
204,"His slick move was visible only in slow-motion replays 2014 appearing as a shadow across the driver2019s door of the white vehicle"
205,"Tulsiram Manere"
206,"Ailish Sheehan"
207,"participants feel more confident and motivated to achieve the same satisfactory feeling the next day"
208,"Chicago"
209,"being a sex object is empowering"
210,"Why? First there's a real concern over ethics"
211,"french fry"
212,"Perhaps they even carried out rituals; after all there was no evidence that anyone actually lived in the cave so what else were the rings and mounds for? Rouzaud would never know"
213,"According to Gomez the reason why she crashed her car whilst travelling from Cali to the city of Pereira was because she got distracted by her own 2018erotic thoughts"
214,"It's -- put it down don't touch that button I said"
215,"It has to do with the simple truth that 3 is greater than 2"
216,"Eatsa"
217,"$10527843932"
218,"1-999-367-3767"
219,"colleges"
220,"She added that Qanbar a father of four was devoutly religious"
221,"But as recent as three weeks ago Jennifer Garner had plans on divorcing her husband"
222,"It comes almost a year after the shocking suicide of a vet overwhelmed by grief at the plight of stray animals"
223,"Police arrested four women in North Carolina for allegedly spraying anti-Trump anti-police and Black Lives Matter graffiti on several businesses and a police car"
224,"The father"
225,"almost $37000"
226,"I Miss You"
227,"The 32-year-old has been looking amazing and recently revealed she has been doing the Atkins diet"
228,"Ana"
229,"A day after LeBron James called him a hater and dug up some of his personal history TNT analyst Charles Barkley says he stands by his criticism of the Cleveland Cavaliers' star player"
230,"While hundreds of thousands have shown their love and support for the victims of the Orlando massacre the local coroner2019s office just did their own act of support in a way only they could"
231,"pears"
232,"Blake McIver"
233,"state legislatures With a new year comes new laws on the books Across the country  had been hard at work in 2016 crafting new laws sky lanterns decorative lighted boxes"
234,"While on a trip to China in June last year Paul Li received tragic news that his 18-year-old son was one of the victims in a fatal high-speed car wreck"
235,"twerking swinging around on a wrecking ball naked and crying Drake Drake He helped Beyonce with Beyonce breaking off an engagement smoking a blunt on stage"
236,"d83dde02 pic"
237,"Caitlyn Cannon"
238," really wanted for Christmas was on the floor -- in the form of a great big belly rub"
239,"Aaron Sorkin2019s popular HBO series will be skewered through parody on tonight2019s episode of Inside Amy Schumer"
240,"So why would they ask such a question? Well rather deviously a triangle with those measurements can2019t exist"
241,"But the vote has exposed polarization between Scotland and large parts of England who voted to stay and other parts of the U"
242,"And often it2019s a calling because you find a deep sense of purpose and positive impact in your role"
243,"a 60-year-old woman sitting alone in her car reading a book"
244,"But a new theory has awakened: that Rey is in fact Emperor Palpatine's granddaughter"
245,"Brown"
246,"The idea was to challenge friends to either dump a bucket of ice water over their heads or donate to the ALS Association"
247,"The important thing is not to have them for the looks but to be proud of your genetic predisposition for good circulation and health"
248,"What are they and why is everyone suddenly going dotty over them? The mark of an Olympic athlete at least at Rio 2016 seems to be a scattering of perfectly round bruises"
249,"For the last couple of years people in Gaza receive electricity on alternating eight-hour cycles but for the last four weeks they have only received a maximum of four hours of power a day from the electricity company - a reduction in supply that has come in the middle of particularly cold weather in Gaza"
250,"After a long a long day of photosynthesizing do trees fall asleep? It depends on how you define sleep but trees do relax their branches at night which might be a sign of snoozing scientists said"
251,"Khan"
252,"New York City"
253,"They've become a legend on their own and out of reach"
254,"Alina Gonzalez who wrote  How I Learned to Fall Asleep in Under 1 Minute  for Byrdie"
255,"carried a young girl to safety"
256,"tab"
257,"We are republishing a fabulous tip from the book on how to organize your drawers"
258,") Literature reviews which are usually useful for identifying patterns in the sea of conflicting single studies that science produces are also unreliable here: One recent review found that the bulk of research on the subject was inconclusive; another however found higher rates of violence among student athletes"
259,"The way you can do it is by losing weight"
260,"Now that Trump has won the GOP nomination I think voting for Trump is a morally good choice"
261,"Watermelon seeds are packed with nutrients that are beneficial and healthy for you"
262,"Ben Bernanke"
263,"Jordan Klepper"
264,"So how do you Protect Your Online Identity Today? Here is the simple 3 click step recommended by SmarterWebLife to get yourself instant protection:"
265,"marijuana"
266,"Feb. 24"
267,"But is it safe to drink blood? In very small amounts (say a few teaspoons) and if the blood is free from pathogens (such as the many blood-borne diseases) blood might not harm you"
268,"Among this group couples were found to be much happier on average than the other demographics with 49% of the millennial couples saying that they2019re extremely happy with their soulmate"
269,"Neither had I"
270,"Here2019s an inning-by-inning breakdown of how the Cubs won Game 7: Top of 1st: Fowler Crushes One Corey Kluber is trying to become the first pitcher to win three starts in a single World Series since 1968 but he got off to a terrible start when Dexter Fowler launched the fourth pitch of the game over the center field wall giving the Cubs a 1-0 lead and quieting the Indians fans at Cleveland2019s Progressive Field"
271,"You can enjoy the comfortable seats luxurious cupholders and life-sustaining air conditioning of your car2019s interior but don2019t play the game itself unless your car is safely parked and out of the way of other traffic"
272,"Did you realize the standard Starbucks lid was designed to be used as a drink coaster? Yep! pop 2018er off and there you go"
273,"...and the gift isn2019t always so well received"
274,"Minnesota"
275,"Best Supporting Actress"
276,"The fact that every blue-eyed person alive today has this same mutation is pretty compelling evidence for this theory although the identity of the initial mutant remains something of a mystery"
277,"Dawn Grace lost her son four years ago and now she meets the man who received his heart in a transplant"
278,"And if you have any questions please leave them below! I'll be answering them in the comments and in an upcoming story"
279,"humor sportsmanship and love of tradition"
280,"coconut oil"
281,"The higher they carry it the more content and happy they are"
282,"One example is the spy camera"
283,"travel in style Cuba concert tours down time travel"
284,"Louisville"
285,"The network falsely quoted Trump as saying racial profiling when the candidate said that police should utilize profiling in an effort to combat terrorism"
286,"Men however just reach behind their neck and yank their shirt off much less gracefully"
287,"Did you miss it? Observant viewers spotted it right away"
288,"next spring"
289,"If there is nothing in the way"
290,"445 16 Chandigarh India: 25.93 446 Ukraine and Egypt Only two other nations are represented in the bottom 20"
291,"pizza"
292,"Thailand Ecuador Malaysia eight international locales Nicaragua"
293,"Experts still don2019t fully understand why not getting enough sleep is connected to all of these conditions but new research published this month adds one piece to the puzzle: Not getting enough sleep may cause changes to gut bacteria that could fundamentally change our metabolism affecting a host of bodily systems"
294,"highly educated There were many plot twists and updates Lyrics Gaston songs"
295,"unmentionables"
296,"moral"
297," He knew that Buffy the Vampire Slayer was the perfect title for his series because it captured the exact spirit of what he was planning to make"
298,"Mr Burger"
299,"Hot dogs"
300,"Breaking Bad."
301,"Plaza: What!? Pratt: A couple"
302,"10 compliance officer switching jobs Diagnostic medical sonographer "
303,"CEO Salesperson Surgeon Journalist Police officer Clergyperson Chef Civil servant Lawyer Media TV and radio Care aide"
304,"9K Share share You may not even be aware that in your garden you have the most miraculous plant that is the key to curing hair loss a problem that many people nowadays are facing"
305,"1080"
306,"Google"
307,"flakes or cayenne powder 6 7 8. PROTEIN GREEN TEA"
308,"Intrepid"
309,"MORNINGS"
310,"UCLA"
311,"It comes from people who think they2019re doing good"
312,"Pigeon"
313,"Taking to Twitter Dwayne posted Warning to the evil @PriyankaChopra you don't wanna f*ck w/ the Avengers of the Beach"
314,"February 24"
315,"three hours of sleep a night"
316,"Empty"
317,"Muncie"
318,"| AP Photo Donald Trump calls Ted Cruz the P word At a rally on Monday night in Manchester New Hampshire Donald Trump repeated a woman2019s shouted remark that Ted Cruz was a pussy for his comments about waterboarding during Saturday2019s Republican debate"
319,"Empty"
320,"Can things get any worse? Not only can they we should expect new wars in the Middle East if Hillary Rodham Clinton the presumptive Democratic candidate for president is elected next November"
321,"Lawrence Phillips"
322,"Carrer Avinyo0301"
323,"Nick Johnson"
324,"a completely drained battery"
325,"you2019re not going to have single points of weakness on the system"
326,"Can humans become pregnant while already pregnant? It's possible but rare"
327,"Colin Quinn"
328,"Facebook Messenger weaves chatbots with friends Facebook is a bit like that big dog galloping toward you in the park said the late New York Times journalist David Carr bemoaning the influence the social media giant has had on publishers2019 distribution2014and in turn monetization"
329,"mud"
330,"$1175"
331,"Lunch Boxes the internet when the majority of its pieces become little more knick-knacks Collections become worthless she said  than  that anyone can get"
332,"(AP) 2013 The evacuation of civilians and opposition fighters from eastern Aleppo have been suspended after rebels opened fire on a convoy at one of the crossing points of the rebel-held enclave according to Syrian state TV"
333,"farmer"
334,"The Jump"
335,"used a gun"
336,"That said I'd cast my vote for Staubach as the greatest Cowboy of all time"
337,"Pokemon Sun and Moon will be translated into Mandarin"
338,"Whitney Thompson"
339,"Scientists have formulated a mathematical equation to project the mammoth effect homo sapiens are having on the planet and causing irreversible damage to the environment"
340,"purely coincidental."
341,"Cats have to be suspicious of the unknown: It could represent the danger of a snake or another predator Mugford continued"
342,"Last year some surprising news came from a study that suggested diet beverages were more effective in promoting weight loss than water was"
343,"That Hanks a two-time Best Actor winner and five-time nominee is at his very best before the key sequence in Paul Greengrass' new film should provide Oscar prognosticators with all they need to know about the 57-year-old actor's awards chances"
344,"Footage has appeared online of a Mexican man resting against a wall in an animal sanctuary enclosure as a black panther creeps up behind him"
345,"rags"
346,"Police officers are here to protect citizens and will do so regardless of color as long as you cooperate and obey the law"
347,"Houston"
348,"Alison"
349,"just pay with cash"
350,"Vogue UK"
351,"But apart from smelling microbiologists say there is nothing to worry about from a health perspective if you never wash your jeans"
352,"Trump wasn2019t on coke2014he had clearly been snorting Adderall! Trump snorted too much adderall!!! #TrumpSniffle 2014 danielhberger (@danielhberger) September 27 2016 Ever since Spy magazine raised the issue in 1992 there2019s been speculation that Trump takes some kind of amphetamine"
353,"coconut oil with a pinch of turmeric"
354,"Why? It2019s chock-full of nutrients and electrolytes like potassium which not only keep you hydrated but also take longer for your body to process so you buy some time between bathroom breaks"
355,"Megan"
356,"Chris Crocker"
357,"The National Safety Council has some advice for how to safely shovel snow: Do not shovel after eating or while smoking Take it slow and stretch out before you begin Push the snow rather than lifting it If you do lift it use a small shovel or only partially fill the shovel Lift with your legs not your back Do not work to the point of exhaustion Talk to a doctor before shoveling if you have a history of heart disease Stop immediately if you feel dizzy or tightness in the chest"
358,"motorcycle gloves next to a colorful shiny motorcycle helmet"
359,"A number 7 with medium fries and a Coke"
360,"Minnesota"
361," please TURN AROUND and exit the building the sign read"
362,"Now that the game's out in our country we thought our lag issues would be alleviated"
363,"hugged her and ended up stealing her jewelry"
364,"Cecily Strong"
365,"19 routine beauty products are almost exclusively high-end. 15 16 three steps"
366,"Barr"
367,"And it has everything to do with the airline greed"
368,"Springfield Oregon"
369,"She is such an amazing dog! What a fantastic example of the power of dog rescue"
370,"We all know when they say console what comes to mind: the PlayStation 4"
371,") By Jessica Derschowitz  Entertainment Weekly The film2019s set photographer Clay Enos confirmed a new Easter egg that explains why (spoiler alert) Batman was able to weaken Superman during their titular battle by firing kryptonite gas at the Man of Steel"
372,"If you're anything like me however you experience a weird phenomenon that scientists refer to as post-micturition convulsion syndrome"
373,"NASA has just confirmed that a gargantuan mile-long asteroid is heading towards Earth and will brush past us in just a matter of hours"
374,"Where do you see yourself in five years?"
375,"Dumb British blond fucks 15 million people at once."
376,"Patterson"
377,"WARNING: Adult language Friday on CNN Tonight network host Fareed Zakaria said President Donald Trump has succeeded by bullshitting"
378,"diversity"
379,"Florida California 10 Texas  (five) and New York"
380,"When a fan asked Rowling what form Hagrid's Patronus would take 2013 a great question considering Hagrid's unusual taste in pets 2013 she replied : Hagrid couldn't produce a Patronus"
381,"Democrat Jason Kander"
382,"5.4 minutes"
383,"Then he looks around desperately to his left and right saying: Where's Rudy? When the guy on his right (Homeland Security chief General John Kelly) clearly took pity on him and pointed out the obvious Trump proceeded to swing his big wig back to the left and say:  Oh there's Rudy"
384,"how well they bound to their antigen"
385,"portable toilet Spain Nowhere 2013  Burning Man Black Rock Desert"
386,"white pepper"
387,"prostate and anal play"
388,"their strange dating preferences to some questionable business practices Banking on bad movies  sticker prices lack of prices"
389,"evolves into some coconut tree Klefki Charizard Cofagrigus Voltorb"
390,"there are plenty of fish in the sea Pour yourself a drink put on some lipstick and pull yourself together relationships  "
391,"On Friday the On Friday the Houston Chronicle made its official endorsement known in an article titled: These are unsettling times that require a steady hand: That2019s not Donald Trump"
392,"Dan Bell"
393,"Meanwhile the transition to the service sector continues"
394,"The three-year-old Border Collie chewed on some plants as the family took a walk through the Horsetooth Reservoir"
395,"The video below shows the stunned cleaner initially refusing to accept the tip before another hotel worker reassured her by saying You deserve it"
396,"Christopher Suprun"
397,"Rachel Crawley"
398,"On 16 October 2016 WikiLeaks posted a series of cryptic numeric tweets leading many onlookers to conclude that founder Julian Assange was in danger and likely dead (and thus a dead man2019s switch had been activated): pre-commitment 1: John Kerry 4bb96075acadc3d80b5ac872874c3037a386f4f595fe99e687439aabd0219809 2014 WikiLeaks (@wikileaks) October 16 2016 pre-commitment 2: Ecuador eae5c9b064ed649ba468f0800abf8b56ae5cfe355b93b1ce90a1b92a48a9ab72 2014 WikiLeaks (@wikileaks) October 16 2016 pre-commitment 3: UK FCO f33a6de5c627e3270ed3e02f62cd0c857467a780cf6123d2172d80d02a072f74 2014 WikiLeaks (@wikileaks) October 16 2016 The appearance of the tweeted sequences of digits led to rampant rumors Assange had been threatened a circumstance that activated a protocol for Assange2019s safety that was reported in 2010: Supporters of WikiLeaks around the world are downloading a file the site calls an insurance policy"
399,"Richard Belzer"
